{
  "r2_score": 0.19769241142817418,
  "mae": 2.509532879769445,
  "max_error": 5.448543666247317
}